ID,nota
68873_37,1064.3245695656212
78086_37,-0.024810098240674705
89258_37,-0.030270010833858454
37701_37,229.7838932940178
50453_37,500.00856521699944
69177_37,-0.012994689389074172
71602_37,452.4557463317392
68958_37,574.9737315305163
74103_37,-0.020872741824440648
78895_37,578.8671231302945
81223_37,145.8493718654984
38311_37,211.64296172994972
50301_37,976.5796507632119
69268_37,871.6060808643051
72071_37,0.047179135948942554
73918_37,336.8075621939419
74060_37,0.01930520311264583
79023_37,0.0432806272878425
81121_37,566.6648917129655
38588_37,2153.5257731365987
80337_37,-0.016230762142649863
80913_37,1953.2341106008207
83134_37,-0.0013903284398187749
41327_37,0.1841091425694874
38109_37,715.1493838516482
78604_37,-0.013434346292717725
37621_37,174.11725904816194
68995_37,229.9364011090201
38370_37,362.1885998867191
79339_37,165.85348392826998
89493_37,-0.07122739521513725
61985_37,284.60177129838996
69232_37,-0.03894870734689506
73851_37,170.1894038046732
78605_37,384.77524411874685
82472_37,-0.016867680665130703
82474_37,187.9368710437949
86836_37,-0.027104109149282962
89253_37,158.98808998642048
78012_37,237.65850528498797
79038_37,220.86027701971415
88987_37,123.53525024992211
89921_37,216.48993042721673
39850_37,-0.10453370020487353
42234_37,142.31737003009067
51413_37,0.05914033514510943
69051_37,-0.017863831004580232
38229_37,236.80059251345307
42500_37,252.49294560113617
60852_37,0.01737543818953328
52618_37,0.09257107638382527
68923_37,333.4359293913721
73375_37,297.78697946743836
38067_37,754.9864205460597
38315_37,560.9467465675117
38398_37,307.5070108258449
52190_37,122.49164113012138
54395_37,302.28996767416726
69304_37,0.07753638345562384
70944_37,0.03010004859218885
78891_37,323.4813928349781
82128_37,0.05443608227221242
75295_37,1542.88399310375
80287_37,316.7431006695649
88056_37,342.1572830440255
88323_37,-0.09842403547255757
37281_37,-0.09078239619045804
68872_37,891.8055641771325
73517_37,0.020030202020170005
68821_37,1687.2083934343634
73359_37,240.5739826920922
87213_37,388.8058691758505
39137_37,0.0475894427616325
50353_37,536.8391241860604
80189_37,592.6661445294171
87230_37,-0.026843215798838038
38507_37,268.6703438828809
41364_37,0.05460247744407069
53472_37,308.8352566383296
84313_37,163.39840347528326
88933_37,354.1939413379324
89371_37,257.81089859043016
68773_37,414.0267966767614
72099_37,439.6390261977833
82502_37,0.008173948491631788
88075_37,142.42116560281357
88899_37,0.41223724790304583
38431_37,1393.5565061130546
68884_37,0.05463112776729377
39572_37,-0.02858493850337307
70111_37,317.8642044935712
74059_37,0.09886070671470215
80538_37,64.22498511087183
37627_37,358.5688107795954
37674_37,501.95815008747684
50348_37,1379.5379908718355
50417_37,330.68421709657105
68711_37,0.05321045295229704
80370_37,1317.0103318865151
87999_37,2.5144606482661924
37798_37,171.46308303559027
38162_37,3792.189587158849
62128_37,4.225533841936656
70924_37,0.03248701747813718
80949_37,0.07765885061449851
84791_37,767.905040670911
60752_37,-0.04036192651761722
38140_37,202.3871241284931
62003_37,-0.029421229255084034
38432_37,-0.05375285461139735
63119_37,-0.08895719270156577
86410_37,444.56811545968367
89273_37,235.0340044228124
41519_37,236.7661066576402
69088_37,237.59658419504157
88368_37,300.68442791563126
50295_37,1.997730191289829
50328_37,222.78227818877514
50421_37,209.76049691607753
52558_37,28.406101649583512
72167_37,-0.03456775977460476
73531_37,0.0014307606511103667
78546_37,-0.01308563127087221
80576_37,1033.0977728401801
84585_37,56.000192075840864
89677_37,-0.07384640534414473
50666_37,0.02185728897135704
70106_37,-0.018192986915786257
81905_37,205.08102110361497
87420_37,210.39131640273655
40990_37,-0.03939547151924462
38055_37,395.7954095417246
51175_37,0.04460606539236406
68932_37,-0.007119327047681354
55348_37,-0.0031236422262158944
69308_37,188.52974285438916
78850_37,252.18490349591113
88540_37,271.0169300777225
38194_37,0.04947362510303768
63008_37,483.7228962566715
68817_37,0.049643825795711014
71507_37,1226.633495533258
38064_37,375.73300494559913
38919_37,428.0752029824327
50324_37,403.3210653394966
62977_37,377.8434284913482
86841_37,0.05349747768255014
37919_37,331.3238470994767
42222_37,549.5367931659067
49675_37,6.896722779791183
50347_37,221.0702284375556
74085_37,0.0451931289950171
86842_37,0.01972308650545137
36934_37,0.006612512922340145
37984_37,427.9024326626696
69040_37,0.056284495276380214
61106_37,0.02879777567835691
77967_37,0.02113518890033424
88225_37,522.5698432483479
89342_37,923.1148582037671
37657_37,471.9899621704362
50317_37,457.03832257551255
70221_37,0.03823033380478302
38908_37,453.33205882419526
68909_37,-0.14316729068422349
70132_37,0.06552172744700137
73974_37,320.8081128809413
80583_37,420.93926477951754
88002_37,63.07573031543795
38246_37,205.0640082026872
68929_37,320.7501313958022
68953_37,3685.955456347107
83257_37,565.0618348178297
86837_37,149.21317204428328
62137_37,0.028666279941023942
52950_37,305.41526710244034
68979_37,0.0848853944613722
85418_37,0.06809758180577115
51779_37,1028.6293640464135
63013_37,643.7679971753774
79826_37,251.8184642016017
84861_37,0.026612810055374726
52253_37,0.12577314599483036
68925_37,366.82810440970934
79042_37,0.07258277387649957
84263_37,379.5698739592645
36790_37,0.11256452412940768
37851_37,423.30500320702265
38440_37,0.13475506983775243
51318_37,380.8419984426211
60784_37,393.4442553307299
69240_37,465.88621872491655
78994_37,0.08213330497204199
84927_37,321.7323361331708
89306_37,0.10540429916218624
38231_37,302.5059515589495
79947_37,0.09834695716157675
85027_37,205.07469703069296
40025_37,-0.006735397668268601
68928_37,0.006470174806351765
79048_37,509.28145726703565
73708_37,229.52294656987232
86411_37,247.36515565921667
50459_37,384.91860905717357
69014_37,274.74213004512853
87400_37,-0.008691987443676857
63058_37,332.74486836677255
79701_37,610.4162322196021
80944_37,363.8761482878731
87401_37,359.36455217679605
89924_37,238.919694200321
50358_37,376.8352276323169
83772_37,305.7065926555088
89190_37,775.7368984284784
89444_37,920.131801576037
62136_37,0.02983291141783767
37770_37,1394.7662723708245
87008_37,-0.006811168859637703
36612_37,413.8127106424194
62086_37,271.84471997212586
42501_37,0.21765565886555216
62974_37,363.83616232308844
72491_37,341.07409403701615
80853_37,55.03795023327981
67953_37,0.07237741119323307
70116_37,195.9882427532916
78715_37,338.3498195281427
82703_37,0.12386305659131072
88479_37,337.68589359455063
68920_37,344.75542849603363
78379_37,254.74686087724805
82632_37,0.014724732576950523
86757_37,417.7677817698992
86759_37,127.6044861267768
89468_37,213.79650443829496
43618_37,-0.012295785356450376
36443_37,0.13473011463079693
82896_37,443.68235039585977
49674_37,222.04816900433056
63110_37,0.021116113103760676
71892_37,606.1945080847506
80313_37,159.6270531751501
49651_37,312.7747606768208
63172_37,0.12069219431462738
82613_37,285.39121114537903
38074_37,-0.030239599301867925
38219_37,362.309900631159
54424_37,537.9909266620213
62023_37,1063.1840206487632
69325_37,954.0701982605517
78530_37,0.06991118087677818
85423_37,1456.682198429957
89815_37,197.67358015013377
37655_37,232.37693056270294
38279_37,0.006821698472985837
80280_37,156.81922702233427
40006_37,-0.03405711384291231
50284_37,0.06962043992389798
71571_37,-0.08176364073051903
74061_37,294.0100252513095
37705_37,-0.06896641730830999
38069_37,274.71878303819534
68808_37,1.209622293849731
71575_37,-0.058233351658023916
79553_37,5.297377956370221
50427_37,81.01703289946785
51415_37,-0.024774957381176556
72133_37,179.3557920965186
38763_37,233.2814885788675
39230_37,250.24015399393403
72745_37,58.25888076994294
72943_37,260.95740474273424
85400_37,-0.01934354042508983
86859_37,247.2900536975095
50418_37,244.35207385723157
70928_37,431.0554822620277
78694_37,-0.09681795768942537
80188_37,201.49054576583217
37246_37,-0.1210267652281006
77556_37,0.04676733173531711
82928_37,424.6378179574957
72097_37,288.33798619636127
80431_37,262.30691019074163
89896_37,-0.08500924533646484
38425_37,228.33964943023005
51194_37,310.52848660202966
68950_37,0.007005716536775432
80779_37,-0.009656846279401483
89226_37,234.63241424344312
38032_37,276.6197883774917
68830_37,-0.0043914896129617145
68987_37,185.56475173702376
86931_37,-0.04519540283814452
89224_37,301.46834490937766
89883_37,151.40395659711152
89914_37,72.68244003399755
61149_37,2551.286331300141
83614_37,-0.042389249703020666
86932_37,275.855800695227
88782_37,-0.013832787787320364
89898_37,227.8482308596618
87746_37,0.16659439052703057
37749_37,-0.020371995261769384
37899_37,962.0113048040632
73417_37,123.85282818806893
89606_37,183.78017410180084
70934_37,55.53977381260754
71038_37,189.3291447400065
80036_37,0.011142079469872019
85399_37,0.04587718167088753
37783_37,158.97720991124166
38695_37,338.8250436368355
42232_37,387.6836532180079
63283_37,311.62490135896564
70058_37,278.71393845532197
71123_37,92.14654015441985
72168_37,0.030017588322174427
86934_37,-0.0020474510737391125
86935_37,0.051506809439066034
73806_37,228.6215079439239
82737_37,226.0111080905224
84848_37,248.56701989961826
62139_37,-0.08472427745133276
41218_37,297.25927388263653
74096_37,7.062350473407194e-05
60969_37,1023.6166916462328
68904_37,0.011567875395206598
78445_37,797.666429672894
82635_37,0.017092330959029466
38100_37,241.59366134543978
71593_37,0.07049033413038938
73957_37,1019.27788473893
38021_37,102.3012591844321
38579_37,346.78303823487727
68834_37,320.4386570452067
68911_37,307.15569099932463
71042_37,0.08692271832689177
81952_37,444.87701182940424
82647_37,178.74303119448345
61135_37,66.17350015860251
72389_37,307.4376053446125
87741_37,516.2580741511683
87211_37,-0.04549614333879508
69012_37,0.012022123900429256
71631_37,965.7782970152706
72023_37,548.4006730073343
73527_37,-0.022599350745918623
86264_37,1052.1518901326256
86409_37,-0.018581730843264085
87399_37,0.006176844169349561
37840_37,402.5210109171151
80281_37,457.9954401034015
50292_37,279.1135132012451
71778_37,266.3123910569007
74078_37,242.8033199179903
82463_37,0.043938439153269754
83266_37,122.41269600732682
87009_37,321.0442039914545
38525_37,335.191105094304
69022_37,1638.6870770247585
74086_37,-0.0260536272826776
77579_37,308.50872691461313
82469_37,6.69621138961892
84761_37,0.10611034657326295
62121_37,523.8387101822046
79535_37,-0.014547210253031666
63194_37,1006.669061397814
69782_37,0.013147052239184477
73644_37,0.006387272341944341
86820_37,-0.006902906276291039
50462_37,901.6101919874985
73465_37,348.81917182793194
80441_37,163.97770950849812
36522_37,659.5076045520182
38638_37,222.34376843883513
51681_37,182.84324126711144
62104_37,378.17237999432217
63014_37,0.09175496542531814
73511_37,494.61386640173856
74140_37,0.06364324980938507
78500_37,279.6223427907902
80374_37,314.2461844240598
40904_37,1.8866025939911282
50880_37,0.010863636142214347
70759_37,0.046413006309595425
82787_37,261.39359779626125
81031_37,-0.010645047480852064
52897_37,321.9505062426725
82768_37,255.35635995847028
79594_37,0.02516994503429726
79887_37,320.8680612617318
80164_37,73.17018406055183
82525_37,293.6704469222336
42247_37,-0.013010258746872172
50361_37,275.97124465898185
78407_37,315.414736791318
79287_37,0.040666699890798394
80324_37,0.08004867332800004
51293_37,613.879084131564
60948_37,370.4486701612795
62009_37,316.19503826103704
68698_37,327.3444087249348
73633_37,0.054769023393556895
79892_37,0.05398621159014719
80171_37,0.06642666759886562
85931_37,254.97883477785848
51683_37,1132.7898923382259
62119_37,337.4118992202898
89445_37,0.0096242727090618
88717_37,0.21617518427392515
72018_37,690.920911263911
88916_37,0.02406092034182194
69329_37,-0.009515997938289309
80552_37,245.68824216740583
83811_37,46.050596891557774
38394_37,373.738494377417
62971_37,266.7101694576732
73620_37,-0.021909908225794437
37816_37,259.14329193564635
38630_37,151.0489326834727
50321_37,0.06836564611233015
71113_37,302.0760778091606
72084_37,215.39238820901403
84887_37,276.54013315548093
87747_37,6.049943688439319
68974_37,302.86284372039063
69048_37,1741.2570320541904
69138_37,321.46876040698646
78117_37,-0.006135798619502199
81770_37,0.03489663185199318
73317_37,-0.010938060210210461
36540_37,10.225760360559613
37607_37,9.720378392701495
37613_37,10.081926729570927
37645_37,9.90284752246226
37652_37,9.697763376445147
37653_37,9.859384409363111
37654_37,9.496430468858154
37656_37,12.444420307914958
37659_37,9.218350501563057
37673_37,8.751547654415754
37678_37,9.689024256406645
37688_37,9.464526817165371
37694_37,10.299636080860228
37718_37,12.357251634956185
37762_37,9.319133721311179
37767_37,9.68010831793748
37790_37,9.826846346973007
37792_37,9.577680869851728
37794_37,9.801324142159007
37818_37,9.896187791945083
37826_37,9.747399270302159
37848_37,9.676312025447452
37941_37,9.653642442275624
37958_37,10.027096894546764
37983_37,9.66633775729346
38038_37,10.567518825288888
38061_37,9.692164568899447
38108_37,9.854015058411747
38138_37,8.94792479870007
38196_37,9.764958318720787
38357_37,9.799316108983584
38365_37,9.69481057564233
38369_37,9.554959697606568
38435_37,10.270110172035503
38482_37,9.333486497053848
38515_37,10.338771312574242
38573_37,10.133421249299223
38602_37,9.783457325169659
38613_37,10.059658652811668
38921_37,9.734602538524037
38960_37,10.074082176756932
40130_37,9.092707605751357
41126_37,9.215921121835292
42116_37,10.00706969675145
42118_37,9.682153130736234
42145_37,10.164426446072644
42330_37,9.549029950739284
42490_37,9.726379209260326
42499_37,9.98583084251111
44857_37,9.073445090632184
49641_37,10.188430249371422
49673_37,9.170391840292265
50294_37,10.903779260746655
50346_37,9.815698503604526
50366_37,9.530722006952637
50413_37,9.620950149836984
50425_37,11.14541115916321
50446_37,9.887910309870653
50454_37,9.368969562741304
50461_37,9.590616577022763
50532_37,9.618646717440766
50645_37,9.810214042607596
50909_37,9.126844331275581
50961_37,9.63951278837472
51168_37,9.710693045048693
51299_37,9.169625450124467
51548_37,9.828237806919537
51705_37,9.789368483021782
51772_37,10.894745774117192
51781_37,9.16903547414864
51985_37,9.169530972719423
54189_37,9.932208278095015
54250_37,10.21696128703303
56102_37,10.314457302357578
60788_37,9.795513973624411
60795_37,9.716313985746961
60803_37,11.110213104368087
60819_37,9.951682755533584
60825_37,11.044674168549498
60858_37,9.80296441325194
61033_37,9.595845342909964
61115_37,10.12007838000084
62012_37,9.170684768122301
62047_37,11.37263255355602
62127_37,10.012894036465381
62129_37,10.093502302060447
63003_37,9.638127546791099
63005_37,9.659725045488418
63018_37,9.62022535972519
63031_37,9.546908096814963
63082_37,9.20316358032206
63208_37,8.776941809389456
63219_37,9.9522282506882
63326_37,9.750155707479825
68685_37,10.361607008409312
68690_37,9.478637785893886
68696_37,9.16006823424645
68697_37,9.661752741099924
68723_37,9.669928963996979
68738_37,9.20373205000558
68758_37,9.791438849009436
68824_37,9.084025607582486
68833_37,9.85248071236791
68887_37,10.253271203614023
68907_37,9.678560067646188
68908_37,9.062587508744633
68914_37,9.527585418473166
68917_37,9.818778415329447
68930_37,9.514088840860301
68938_37,9.368509408894303
68945_37,9.629672080766907
68946_37,9.69317135746534
69006_37,10.124652082000042
69008_37,9.615910923652802
69018_37,10.121018039387302
69041_37,9.675151244606601
69047_37,9.621918971128915
69090_37,9.676365564042108
69141_37,9.657406532197214
69155_37,9.169560442416536
69186_37,9.671879946524866
69209_37,9.827161971034819
69292_37,9.697063689240984
70010_37,9.073500479541666
70045_37,9.083892552166901
70046_37,9.771960353090362
70055_37,10.21120297203918
70216_37,9.205034473409766
70225_37,9.573485818601725
70317_37,9.083854058084238
70360_37,9.989957342688033
70581_37,9.633812584355276
70914_37,9.20143724684111
70915_37,9.686804772950842
70916_37,9.215828211823744
70929_37,9.587839646065042
70951_37,9.625435324560133
70992_37,9.685505704452325
71041_37,9.534220894225335
71055_37,9.710743269422533
71093_37,9.365376403294322
71102_37,9.201407724080818
71117_37,9.563196541260519
71122_37,9.566112475085145
71146_37,9.551395145969124
71560_37,9.719526113873044
71572_37,9.08380318913448
71724_37,9.08933637814119
71799_37,10.462709378021271
71947_37,9.084365248309423
72039_37,9.694752008036911
72079_37,9.39499852715835
72290_37,9.203535104573398
72334_37,9.311036873983161
72375_37,9.681609428772642
72488_37,9.073564251471915
72495_37,9.98901105841211
72603_37,9.07487769993793
72768_37,9.397661891528962
72893_37,9.985604828055585
73027_37,9.451550733449839
73055_37,9.17097837154835
73085_37,9.597603526978434
73336_37,9.073441281201024
73338_37,9.201402685201392
73383_37,9.652994386237857
73445_37,9.084346013832857
73454_37,9.219357821817965
73515_37,9.698217294457534
73540_37,9.162813483762044
73634_37,9.201562205136257
73635_37,9.80195260875454
73760_37,9.0840916402423
73771_37,9.08380625703007
73800_37,9.983836971022617
73855_37,9.70401219596151
73857_37,9.073471959506298
73863_37,9.723514322927091
73869_37,9.07333420209402
73896_37,9.738012972824745
73910_37,9.7497184848136
74014_37,9.635194902830232
74065_37,9.27820042424616
74074_37,10.041355899501164
74076_37,9.171533959113791
74087_37,9.699381902611572
77529_37,9.585948239078217
77567_37,9.628328910057318
77599_37,9.205202758116913
77670_37,9.386199130195893
77673_37,9.710280906832693
77809_37,9.552754987774946
77895_37,9.61382576240488
77912_37,9.073460810138362
77994_37,9.275113497604313
78235_37,9.669888026783305
78236_37,9.778789620642907
78248_37,9.225724715608598
78422_37,9.663932484298433
78423_37,9.07349479959801
78436_37,9.07345644568795
78458_37,9.623453023340124
78464_37,9.073430265185374
78558_37,9.085466431476958
78578_37,9.402791821116624
78646_37,9.886573246871341
78648_37,9.862727248023226
78716_37,9.686610092863948
78839_37,9.076195422992678
78936_37,10.175298722660056
78965_37,9.724209485913953
78968_37,9.792169317598743
78990_37,9.084757579188258
79022_37,9.073108265471273
79030_37,9.17049011069212
79066_37,9.087204945056152
79193_37,9.946976287497238
79265_37,9.07349021701225
79334_37,9.07519330281921
79401_37,9.08329619528905
79713_37,10.111856871453758
79733_37,9.090254961982334
79973_37,9.725260268413516
80163_37,9.999964836530271
80286_37,9.087843267518895
80319_37,9.547994220730798
80381_37,10.055304166293375
80399_37,9.596095531852736
80400_37,10.403866785856975
80403_37,10.067640038142425
80537_37,9.685023351720442
80553_37,9.702051614629855
80568_37,9.761851024587626
80572_37,9.073503564919001
80573_37,9.519048172381659
80667_37,9.653394623658663
80774_37,9.502011953010648
80777_37,9.073418564481985
80795_37,9.201425302979132
81007_37,9.08369270235466
81091_37,9.50170201390471
81150_37,9.99744170584147
81236_37,9.6663627809876
81845_37,9.696161203155496
81914_37,9.541470484694761
81950_37,9.735627221661876
82453_37,9.073461041981426
82455_37,9.545838698086508
82457_37,9.089757002416217
82459_37,9.202456513233432
82625_37,9.815191069657782
82626_37,9.086255762412938
82630_37,9.072838830016702
82769_37,9.073459285480665
83108_37,9.075246965904542
83255_37,9.670235466401204
83258_37,9.083800688322164
83439_37,9.201422881728158
83511_37,9.71359480764278
83522_37,9.204914981155978
83528_37,9.699145424826266
83615_37,9.073041780416114
83688_37,9.686084729700934
83963_37,9.086452909446704
84104_37,9.083790809339185
84188_37,9.073423838848994
84318_37,10.076577444207961
84320_37,9.611885976855657
84382_37,9.038028761920195
84554_37,9.512093404393987
84679_37,9.620082004145067
84851_37,9.16958515238764
84890_37,9.721465621109346
84997_37,9.085193200306204
85004_37,9.07352274499936
85066_37,9.074849220411023
85067_37,9.638594575689249
85083_37,9.07388665670925
85121_37,9.074563128791947
85149_37,9.500827961224783
85210_37,9.093405067157823
85403_37,9.535119373618222
85424_37,9.08368869669165
85425_37,9.073513463105886
85607_37,9.073628328847741
85629_37,10.158236736669421
85798_37,9.085312341391566
85882_37,9.805134352531246
85930_37,9.607474929796703
86189_37,9.646953839267315
86222_37,9.489221127165155
86314_37,9.073487608656958
86315_37,9.073505170363163
86334_37,9.704417767098441
86436_37,9.733862124350724
86444_37,9.201448718123398
86449_37,9.073515464254644
86491_37,9.083764936468743
86512_37,9.076680413543714
86517_37,9.073870552983209
86587_37,9.0734806723509
86588_37,9.169579341254785
86744_37,9.07360148282854
86748_37,9.66559343689789
86754_37,9.073970124520606
86764_37,9.562799519307678
86860_37,9.0733127658806
86927_37,9.08378252660685
86928_37,9.073563583495616
86929_37,9.077366093562045
86943_37,9.538273610274995
86969_37,9.073444141707522
87101_37,10.021523307749602
87191_37,9.935342639329505
87192_37,9.750435322009443
87199_37,9.073450305004592
87200_37,9.080639578191404
87201_37,9.073463262601061
87202_37,9.077588633899033
87225_37,9.089568532254084
87227_37,9.558567142560648
87228_37,9.208994381688852
87229_37,9.978593061390251
87273_37,9.084138922381483
87393_37,9.076597296904083
87585_37,9.618596902935572
87611_37,9.713040625336458
87742_37,9.617446756450295
87743_37,9.073427321184825
88000_37,9.073429860534942
88054_37,9.073476517467798
88065_37,9.07349755704021
88069_37,9.083804208511049
88132_37,9.459356834005826
88146_37,9.084356359325946
88147_37,9.076551017793122
88156_37,9.073419359806403
88224_37,9.774196808228918
88366_37,9.647325108015805
88478_37,9.073636634620891
88480_37,9.55355132021499
88651_37,9.083803283418895
88780_37,9.730749148399003
88848_37,9.084472799891508
88849_37,9.084876212752386
88850_37,9.541671629996808
88866_37,9.978359627412775
88867_37,9.169914117522481
88874_37,9.073887719370244
88915_37,9.72829019177226
88917_37,9.67364844968418
89156_37,9.425248349919269
89227_37,9.075544137304258
89256_37,9.076042706809627
89257_37,9.07517557298626
89275_37,9.085476867718429
89285_37,9.077912470759614
89341_37,9.49279361333446
89343_37,9.075703966538736
89466_37,9.076003367852218
89467_37,9.075693335205811
89479_37,9.4741397089523
89492_37,9.076039256954896
89494_37,9.086342370520216
89637_37,9.623419834978163
89676_37,9.900434437774164
89681_37,9.076054763101398
89884_37,9.495879346810472
89885_37,9.076600292735685
89897_37,9.07651591226006
82639_37,9.076642141945104
84794_37,9.076642141945104
78086_38,48.09697326921703
89258_38,392.744387892166
50453_38,334.1523058050891
69177_38,-0.008579067878179927
71602_38,289.1826613466943
74103_38,-0.019422252849399996
78646_38,0.04724472458438641
78895_38,364.4265630727532
81223_38,250.40854790171824
72071_38,743.8818876622281
72768_38,249.84837806078409
74060_38,936.8934714334091
79023_38,0.04915191647975811
81121_38,195.00752090085828
84320_38,200.0308379852409
38588_38,326.73308607704104
70929_38,196.99964221688612
80337_38,188.61710019456473
83134_38,0.0035398701493975105
41327_38,-0.012765913762349836
78604_38,-0.013382671620261521
79973_38,811.7938772956695
68995_38,424.9748876055269
38370_38,581.9038710056288
79339_38,498.80834577999354
89493_38,-0.06793770517502169
37645_38,253.95968963798956
61985_38,361.99056846344047
78605_38,456.6827438431559
82472_38,306.1447877346303
82474_38,163.53864294512704
86836_38,-0.024550371027504264
89253_38,1.693217591252784
78012_38,300.9226871765606
79038_38,215.38639760351947
88987_38,137.9631426374259
89921_38,233.32953088716096
39850_38,-0.0734943573044903
42234_38,333.04107079030337
51413_38,0.05286317664273692
69051_38,-0.022905920893691596
38229_38,1238.0201560241853
42500_38,294.37118337217004
60852_38,0.011487011376328357
87228_38,-0.047815057601453465
52618_38,394.38282260174634
73375_38,231.86921425753252
87225_38,-0.01055257955428135
38067_38,463.02517104047666
38315_38,13.939564340190469
38398_38,773.004490198485
52190_38,403.5968826391203
54395_38,1934.0885728855485
69304_38,0.07633871835029661
70944_38,3.970532150167938
78891_38,440.79553971332274
82128_38,0.050787526700666955
75295_38,827.0323091328697
88056_38,578.9376615154276
88323_38,-0.10014518718032416
89479_38,-0.01248680687904819
37281_38,-0.05471840074489378
68872_38,314.0005441412175
73517_38,0.028196215103631496
50346_38,257.2844222081955
68821_38,497.1067300925869
73359_38,274.66550686622077
87213_38,0.9281107078840863
39137_38,0.05398376127750409
50353_38,297.0608700854005
68723_38,0.031323338889354006
80189_38,273.54021974452894
38507_38,375.75682514511305
84313_38,238.8153532373552
88933_38,200.56611717186604
89371_38,1036.7654187376038
68773_38,1200.3280408991536
72099_38,331.45238252545965
88075_38,198.47565879115984
89932_38,2.9138756457891444
88899_38,0.42018909727410364
38431_38,526.6891721093217
42330_38,0.059945390785654064
39572_38,-0.023915049712209868
80667_38,0.015452005453982707
68887_38,215.53509643074574
70111_38,205.54563325547826
74059_38,281.436249932491
37627_38,331.5408949810258
37674_38,298.02646014848034
50348_38,335.7731048590816
50417_38,307.1170761666068
68711_38,274.3893811841752
80370_38,288.910596872616
87999_38,0.04689056448858277
37798_38,238.96707571330248
38162_38,1018.8560472908889
62128_38,155.9045307228202
70924_38,0.03886167285574496
80949_38,0.09590030486118403
84791_38,269.19758624765717
60752_38,0.05679982045250606
38140_38,836.6991754322933
72290_38,-0.08394641879064836
38432_38,-0.04881275740458236
63119_38,-0.09012070816707946
86410_38,200.87389668780528
89273_38,245.9378019235218
41519_38,326.5643222086155
69088_38,127.90566777340511
88368_38,239.86834020266343
89156_38,183.7685414216174
38435_38,349.10527539732925
50295_38,-0.06870558678865939
50421_38,201.79591475282535
72167_38,216.13931411884184
73531_38,-0.004629981811931501
77673_38,-0.02979802990977804
78546_38,-0.01914950245220519
80576_38,382.16088672345995
89677_38,-0.07688748575294105
50666_38,0.018899146298181364
70106_38,145.83871730061728
81905_38,999.3754449552055
87420_38,295.4106236969985
40990_38,-0.002037021143284287
51175_38,542.2495575289852
68932_38,-0.0013124348194096238
37607_38,293.21012840539214
55348_38,0.0031095435412600778
78850_38,293.2334201014823
88540_38,267.0837391266809
63008_38,314.7741288398794
68817_38,0.052045746791392136
71507_38,303.30518948469313
38064_38,398.85085390874644
50324_38,0.6290240748338658
60803_38,453.09626418559344
86841_38,335.1091230448639
42222_38,257.696270154064
49675_38,167.53754203469668
50347_38,255.69757802261097
74085_38,310.5783543485988
86842_38,187.8253989909452
36934_38,-0.05882838019626237
37984_38,1002.7835294678051
69040_38,0.062029885321723474
61106_38,340.96066690835505
77967_38,0.02291137557849535
88225_38,422.91826414413947
89342_38,1160.5350914683058
50317_38,472.9307745849391
69008_38,515.4321839968595
70221_38,0.04090005426151784
78248_38,-0.0021310406069384065
38908_38,371.76394248909196
68909_38,-0.1426288532516849
70132_38,13.071554932385306
73974_38,337.25260871981965
80583_38,369.1780016748173
88002_38,186.7460341701485
68929_38,1058.9474258430173
68953_38,422.8961178448783
83257_38,322.7190318629461
86837_38,0.4245241428385882
62137_38,-0.06921614744338356
85418_38,720.7751697219304
89975_38,0.01957837848915601
51779_38,448.30602785333696
79826_38,0.5441486681136581
84861_38,691.5450256594279
52253_38,347.32915751566173
79042_38,581.0492109014654
84263_38,395.68761171446636
36790_38,368.9945609700893
38440_38,403.5498651666576
73863_38,0.09536707561992504
78994_38,315.59049358205897
84927_38,466.7321512554982
89306_38,0.1138243926640431
79947_38,383.2179808497999
85027_38,448.90435654186206
40025_38,0.014358996604657052
37656_38,0.4792830445683773
68928_38,499.19291227464896
42145_38,346.4294284310059
73708_38,0.4863296932984131
81150_38,659.3245006966533
86411_38,0.8412176511764548
50459_38,421.3750485061346
69014_38,436.08208412578426
87400_38,-0.0038631385365844482
38573_38,1878.7695993182529
38921_38,67.53598901229772
51772_38,937.7006246772551
63058_38,0.5035600447900919
68833_38,535.2677888038835
79701_38,514.7944072148647
80944_38,2.3052498525661678
87401_38,0.6004400530188462
42116_38,283.1105139301733
50358_38,1371.614889458111
60788_38,0.10810639385956232
83772_38,1.04278097281117
89190_38,289.58580438328863
89444_38,4.041521798584883
62136_38,0.05003202705527874
37770_38,593.9132367965674
87008_38,-0.004084303271084451
36612_38,402.9826601707753
62086_38,354.2606339563009
69090_38,0.015467594133942495
42501_38,482.5952492820088
62974_38,292.2355275214062
72491_38,136.3065385123486
70116_38,547.75068734378
78715_38,349.67688090741717
82703_38,193.0829958291299
88479_38,334.9397239809609
82639_38,0.01039425916476028
68920_38,422.9311041940893
78379_38,383.3550905191031
82632_38,0.01944458768745156
86757_38,266.2120012493193
86759_38,1151.3345550789509
89468_38,0.6829703878995258
43618_38,-0.0042954563824998005
36443_38,0.14521257492944192
82896_38,770.3156154119235
63110_38,94.71638641789622
71892_38,1261.5726166342338
85882_38,0.03622395009101473
49651_38,281.41015777817637
63172_38,655.7546328411572
82613_38,201.62245098629336
38074_38,-0.029414077252663047
38219_38,291.2778804759129
54424_38,369.3429577780802
69325_38,409.6789840761868
78530_38,0.07299464440127887
85423_38,329.87587805633666
89815_38,255.14123606224064
37655_38,803.4388819695499
38279_38,37.617563039213834
80280_38,717.6658979207763
40006_38,-0.02137543718949986
71571_38,-0.08602294133562396
74061_38,408.4286210826864
37705_38,96.03317842526346
38069_38,293.6481267324817
71575_38,-0.06340994505964608
72334_38,262.07632130724585
79553_38,0.23774087013742692
84890_38,-0.06575385434050135
86860_38,-0.10721106975638811
50427_38,308.01115602140794
72133_38,208.0241039728813
85067_38,-0.023263966691744273
38763_38,343.15723581756407
39230_38,260.66598563995166
49641_38,0.0398343656387081
72943_38,196.61187240117476
85400_38,-0.02199267683753284
86859_38,376.96396849250453
38602_38,286.72343317489145
68917_38,268.19583995222473
78694_38,72.07181976796483
80568_38,188.85976208491059
85607_38,-0.10561791859330168
37246_38,-0.1096380195233045
77556_38,324.661711156788
82928_38,646.0084456389721
72097_38,252.00059409636185
80431_38,241.83542050575423
89896_38,-0.08110677597372179
51194_38,290.7486774665395
68950_38,0.007469877899776479
80779_38,214.12043120120433
89226_38,233.33512115298183
68830_38,165.37995958904486
89224_38,280.86605553383623
89883_38,274.0764757974465
89914_38,57.199783410783475
61149_38,438.2592769196467
82625_38,0.012149026978463078
86932_38,248.95973689972448
88782_38,-0.005838920760652757
89898_38,802.7620857470546
87746_38,0.14428836628717942
37899_38,562.253430895956
50461_38,0.037151050074099294
71146_38,-0.013176086647784689
89606_38,222.884099677125
71038_38,320.4706050385796
80036_38,115.47127287503798
85399_38,302.9056407942583
37783_38,204.03306033135112
38695_38,2795.979158076138
63283_38,1006.9324712750025
70058_38,300.4642606244704
72168_38,0.02758392763530245
86934_38,46.04592865889094
86935_38,328.0739910591509
50909_38,-0.029880534990329666
71041_38,0.009242718706259322
78236_38,177.04010289605353
82737_38,1100.510982494393
84848_38,4070.3370029110565
62139_38,-0.06572091838320036
41218_38,979.7305202590562
74096_38,-0.010213421258502178
86517_38,-0.003138167132281941
60969_38,551.6259199912976
68904_38,0.020412907157695406
78445_38,1107.5605193588935
82635_38,0.011715763081033144
84382_38,310.44752951271005
38100_38,562.6061018045816
71593_38,0.06687713901107196
73957_38,282.2144746993823
38579_38,419.75310681793394
68834_38,371.1413646584173
68911_38,402.35712856506825
81952_38,175.1861502647492
82647_38,0.736560198248337
61135_38,0.8686169835950966
72389_38,292.9650912057535
87741_38,1619.1378597639139
89694_38,131.10575869082538
87211_38,-0.013579496127369623
69012_38,0.01637813395352685
71631_38,1178.534422815594
86409_38,577.8767777881942
86764_38,-0.01888223319325081
87399_38,295.0246141293575
78648_38,312.6319867559236
78990_38,-0.024340995080897633
79334_38,1015.6960343056684
50292_38,328.5331860939645
79713_38,0.055173521310819665
82463_38,378.5668740912073
83266_38,336.6425283093132
87009_38,405.7000453100304
87227_38,0.02721350716947431
84794_38,196.56721327191065
74086_38,67.17676974427683
77579_38,370.0343342972077
82469_38,301.5400984450234
84761_38,0.09969026281365183
62121_38,469.6668385695904
79535_38,-0.014785250394425305
63194_38,329.07260225256226
69782_38,0.01440210495573801
73644_38,0.006118883315431909
50462_38,323.7120691650461
63005_38,0.0525424384567271
73465_38,303.446067339799
36522_38,469.45018789925246
37654_38,0.03681141743971195
38638_38,224.49532310877294
62104_38,858.108878619088
63014_38,0.09545429639583627
73511_38,1288.3577426744723
74140_38,0.06795464971295609
78500_38,130.44506497616743
80374_38,800.171393854066
38960_38,922.3876308287282
40904_38,280.2547650428165
50880_38,54.64957201119746
70759_38,0.04900825686573225
82787_38,267.03623404822264
81031_38,-0.027311903335328395
40130_38,-0.005520351466479768
52897_38,228.05752022349992
79594_38,310.9982616490888
80164_38,277.627640221215
42247_38,374.2454128027783
50361_38,2.552120905636113
78407_38,309.164712273408
80324_38,198.1775138390884
51293_38,510.5542502419304
62009_38,722.0994288130523
79193_38,1223.0992088643325
79892_38,199.22575206498237
80171_38,261.67720072712734
85931_38,308.5951286742281
51683_38,1075.7270737779206
88717_38,0.2311763819177588
72018_38,403.57672000118936
88916_38,0.017782645927908437
69329_38,-0.011667541078106625
80552_38,258.93457543375916
89977_38,0.7983878923021265
38394_38,81.62354054345876
62971_38,53.83338921737097
73620_38,-0.024645810140801583
37816_38,226.08357979782798
71113_38,372.762667626613
72084_38,69.19583762964162
78716_38,3.2878627428168112
81914_38,172.45016892569134
84887_38,313.06336076499986
87747_38,363.6992670953665
68974_38,844.8202980601866
69138_38,1035.0300121794862
77809_38,0.003126945020568002
81770_38,0.03210043840143557
73317_38,-0.023365010672978123
36540_38,10.225760360559613
37613_38,10.081926729570927
37621_38,25.952765965079813
37652_38,9.697763376445147
37653_38,9.859384409363111
37657_38,34.69581054043299
37659_38,9.218350501563057
37673_38,8.751547654415754
37678_38,9.689024256406645
37688_38,9.464526817165371
37694_38,10.299636080860228
37701_38,36.43199533340077
37718_38,12.357251634956185
37749_38,9.206880219422192
37762_38,9.319133721311179
37767_38,9.68010831793748
37790_38,9.826846346973007
37792_38,9.577680869851728
37794_38,9.801324142159007
37818_38,9.896187791945083
37826_38,9.747399270302159
37840_38,29.619014870272462
37848_38,9.676312025447452
37851_38,31.750430629670408
37919_38,35.52041313408673
37941_38,9.653642442275624
37958_38,10.027096894546764
37983_38,9.66633775729346
38021_38,23.38441479854899
38032_38,25.09848852608195
38038_38,10.567518825288888
38055_38,23.492385149803226
38061_38,9.692164568899447
38108_38,9.854015058411747
38109_38,38.736370289863004
38138_38,8.94792479870007
38194_38,9.356347450175726
38196_38,9.764958318720787
38231_38,27.384805014741893
38246_38,35.7667182508102
38311_38,25.709153145194982
38357_38,9.799316108983584
38365_38,9.69481057564233
38369_38,9.554959697606568
38425_38,15.752155453632202
38482_38,9.333486497053848
38515_38,10.338771312574242
38525_38,32.8791372914634
38613_38,10.059658652811668
38630_38,9.773288024498259
38919_38,33.019551251445236
41126_38,9.215921121835292
41364_38,9.885711964930428
42118_38,9.682153130736234
42232_38,37.778680587422755
42490_38,9.726379209260326
42499_38,9.98583084251111
44857_38,9.073445090632184
49673_38,9.170391840292265
49674_38,16.217236044679893
50284_38,10.06711574173107
50294_38,10.903779260746655
50301_38,76.36936503782344
50321_38,10.13412758915185
50328_38,32.66139729660792
50366_38,9.530722006952637
50413_38,9.620950149836984
50418_38,30.097727161483757
50425_38,11.14541115916321
50446_38,9.887910309870653
50454_38,9.368969562741304
50532_38,9.618646717440766
50645_38,9.810214042607596
50961_38,9.63951278837472
51168_38,9.710693045048693
51299_38,9.169625450124467
51318_38,32.36762029118918
51415_38,9.603606205741922
51548_38,9.828237806919537
51681_38,16.889125450986892
51705_38,9.789368483021782
51781_38,9.16903547414864
51985_38,9.169530972719423
52558_38,2.4800133846789882
52950_38,13.24846036552551
53472_38,26.850833690755287
54189_38,9.932208278095015
54250_38,10.21696128703303
56102_38,10.314457302357578
60784_38,25.13096470879633
60795_38,9.716313985746961
60819_38,9.951682755533584
60825_38,11.044674168549498
60858_38,9.80296441325194
60948_38,27.550171464619424
61033_38,9.595845342909964
61115_38,10.12007838000084
62003_38,9.502656545199113
62012_38,9.170684768122301
62023_38,81.47979859439478
62047_38,11.37263255355602
62119_38,28.12827548599254
62127_38,10.012894036465381
62129_38,10.093502302060447
62977_38,32.922547668554216
63003_38,9.638127546791099
63013_38,55.23482681873972
63018_38,9.62022535972519
63031_38,9.546908096814963
63082_38,9.20316358032206
63208_38,8.776941809389456
63219_38,9.9522282506882
63326_38,9.750155707479825
67953_38,9.667067622822985
68685_38,10.361607008409312
68690_38,9.478637785893886
68696_38,9.16006823424645
68697_38,9.661752741099924
68698_38,25.899327864640686
68738_38,9.20373205000558
68758_38,9.791438849009436
68808_38,21.911766668259915
68824_38,9.084025607582486
68873_38,44.04361230113187
68884_38,9.554570253228025
68907_38,9.678560067646188
68908_38,9.062587508744633
68914_38,9.527585418473166
68923_38,27.317774637458086
68925_38,36.06772446834984
68930_38,9.514088840860301
68938_38,9.368509408894303
68945_38,9.629672080766907
68946_38,9.69317135746534
68958_38,44.8351766872685
68979_38,9.543757636871685
68987_38,32.33418199857098
69006_38,10.124652082000042
69018_38,10.121018039387302
69022_38,103.15309063003868
69041_38,9.675151244606601
69047_38,9.621918971128915
69048_38,129.16073265213183
69141_38,9.657406532197214
69155_38,9.169560442416536
69186_38,9.671879946524866
69209_38,9.827161971034819
69232_38,9.404877122823049
69240_38,39.58252389490917
69268_38,60.525562851177305
69292_38,9.697063689240984
69308_38,21.28197077025143
70010_38,9.073500479541666
70045_38,9.083892552166901
70046_38,9.771960353090362
70055_38,10.21120297203918
70216_38,9.205034473409766
70225_38,9.573485818601725
70317_38,9.083854058084238
70360_38,9.989957342688033
70581_38,9.633812584355276
70914_38,9.20143724684111
70915_38,9.686804772950842
70916_38,9.215828211823744
70928_38,24.4042327444961
70934_38,6.199900207452357
70951_38,9.625435324560133
70992_38,9.685505704452325
71042_38,9.757763537264177
71055_38,9.710743269422533
71093_38,9.365376403294322
71102_38,9.201407724080818
71117_38,9.563196541260519
71122_38,9.566112475085145
71123_38,8.545473772067744
71560_38,9.719526113873044
71572_38,9.08380318913448
71724_38,9.08933637814119
71778_38,32.13162009598366
71799_38,10.462709378021271
71947_38,9.084365248309423
72023_38,46.32598707208316
72039_38,9.694752008036911
72079_38,9.39499852715835
72375_38,9.681609428772642
72488_38,9.073564251471915
72495_38,9.98901105841211
72603_38,9.07487769993793
72745_38,4.4767796061560405
72893_38,9.985604828055585
73027_38,9.451550733449839
73055_38,9.17097837154835
73085_38,9.597603526978434
73336_38,9.073441281201024
73338_38,9.201402685201392
73383_38,9.652994386237857
73417_38,10.140395544526466
73445_38,9.084346013832857
73454_38,9.219357821817965
73515_38,9.698217294457534
73527_38,9.624682504954013
73540_38,9.162813483762044
73633_38,9.79511846776405
73634_38,9.201562205136257
73635_38,9.80195260875454
73760_38,9.0840916402423
73771_38,9.08380625703007
73800_38,9.983836971022617
73806_38,23.306421346746962
73851_38,23.594873660935512
73855_38,9.70401219596151
73857_38,9.073471959506298
73869_38,9.07333420209402
73896_38,9.738012972824745
73910_38,9.7497184848136
73918_38,28.546643265004562
74014_38,9.635194902830232
74065_38,9.27820042424616
74074_38,10.041355899501164
74076_38,9.171533959113791
74078_38,18.550795942892247
74087_38,9.699381902611572
77529_38,9.585948239078217
77567_38,9.628328910057318
77599_38,9.205202758116913
77670_38,9.386199130195893
77895_38,9.61382576240488
77912_38,9.073460810138362
77994_38,9.275113497604313
78117_38,9.308168920100254
78235_38,9.669888026783305
78422_38,9.663932484298433
78423_38,9.07349479959801
78436_38,9.07345644568795
78458_38,9.623453023340124
78464_38,9.073430265185374
78558_38,9.085466431476958
78578_38,9.402791821116624
78839_38,9.076195422992678
78936_38,10.175298722660056
78965_38,9.724209485913953
78968_38,9.792169317598743
79022_38,9.073108265471273
79030_38,9.17049011069212
79048_38,31.920212979494462
79066_38,9.087204945056152
79265_38,9.07349021701225
79287_38,9.722312804225172
79401_38,9.08329619528905
79733_38,9.090254961982334
79887_38,31.492798803700822
80163_38,9.999964836530271
80188_38,14.715207525897986
80281_38,35.03629486729201
80286_38,9.087843267518895
80287_38,26.671706991707467
80313_38,17.430905477246405
80319_38,9.547994220730798
80381_38,10.055304166293375
80399_38,9.596095531852736
80400_38,10.403866785856975
80403_38,10.067640038142425
80441_38,16.149055748616373
80537_38,9.685023351720442
80538_38,5.25850437264807
80553_38,9.702051614629855
80572_38,9.073503564919001
80573_38,9.519048172381659
80774_38,9.502011953010648
80777_38,9.073418564481985
80795_38,9.201425302979132
80853_38,3.038597305656998
80913_38,135.31897450977814
81007_38,9.08369270235466
81091_38,9.50170201390471
81236_38,9.6663627809876
81845_38,9.696161203155496
81950_38,9.735627221661876
82453_38,9.073461041981426
82455_38,9.545838698086508
82457_38,9.089757002416217
82459_38,9.202456513233432
82502_38,9.82345817853324
82525_38,27.998426243543214
82626_38,9.086255762412938
82630_38,9.072838830016702
82768_38,16.7498971586292
82769_38,9.073459285480665
83108_38,9.075246965904542
83255_38,9.670235466401204
83258_38,9.083800688322164
83439_38,9.201422881728158
83511_38,9.71359480764278
83522_38,9.204914981155978
83528_38,9.699145424826266
83614_38,9.385442255716114
83615_38,9.073041780416114
83688_38,9.686084729700934
83811_38,5.959401712923777
83963_38,9.086452909446704
84104_38,9.083790809339185
84188_38,9.073423838848994
84318_38,10.076577444207961
84554_38,9.512093404393987
84585_38,6.207872111999558
84679_38,9.620082004145067
84851_38,9.16958515238764
84997_38,9.085193200306204
85004_38,9.07352274499936
85066_38,9.074849220411023
85083_38,9.07388665670925
85121_38,9.074563128791947
85149_38,9.500827961224783
85210_38,9.093405067157823
85403_38,9.535119373618222
85424_38,9.08368869669165
85425_38,9.073513463105886
85629_38,10.158236736669421
85798_38,9.085312341391566
85930_38,9.607474929796703
86189_38,9.646953839267315
86222_38,9.489221127165155
86264_38,81.8440267496859
86314_38,9.073487608656958
86315_38,9.073505170363163
86334_38,9.704417767098441
86436_38,9.733862124350724
86444_38,9.201448718123398
86449_38,9.073515464254644
86491_38,9.083764936468743
86512_38,9.076680413543714
86587_38,9.0734806723509
86588_38,9.169579341254785
86744_38,9.07360148282854
86748_38,9.66559343689789
86754_38,9.073970124520606
86820_38,9.641070657107242
86927_38,9.08378252660685
86928_38,9.073563583495616
86929_38,9.077366093562045
86931_38,9.073710491202519
86943_38,9.538273610274995
86969_38,9.073444141707522
87101_38,10.021523307749602
87191_38,9.935342639329505
87192_38,9.750435322009443
87199_38,9.073450305004592
87200_38,9.080639578191404
87201_38,9.073463262601061
87202_38,9.077588633899033
87229_38,9.978593061390251
87230_38,9.0734617131923
87273_38,9.084138922381483
87393_38,9.076597296904083
87585_38,9.618596902935572
87611_38,9.713040625336458
87742_38,9.617446756450295
87743_38,9.073427321184825
88000_38,9.073429860534942
88054_38,9.073476517467798
88065_38,9.07349755704021
88069_38,9.083804208511049
88132_38,9.459356834005826
88146_38,9.084356359325946
88147_38,9.076551017793122
88156_38,9.073419359806403
88224_38,9.774196808228918
88366_38,9.647325108015805
88478_38,9.073636634620891
88480_38,9.55355132021499
88651_38,9.083803283418895
88780_38,9.730749148399003
88848_38,9.084472799891508
88849_38,9.084876212752386
88850_38,9.541671629996808
88866_38,9.978359627412775
88867_38,9.169914117522481
88874_38,9.073887719370244
88915_38,9.72829019177226
88917_38,9.67364844968418
89227_38,9.075544137304258
89256_38,9.076042706809627
89257_38,9.07517557298626
89275_38,9.085476867718429
89285_38,9.077912470759614
89341_38,9.49279361333446
89343_38,9.075703966538736
89445_38,9.618673003655495
89466_38,9.076003367852218
89467_38,9.075693335205811
89492_38,9.076039256954896
89494_38,9.086342370520216
89637_38,9.623419834978163
89676_38,9.900434437774164
89681_38,9.076054763101398
89884_38,9.495879346810472
89885_38,9.076600292735685
89897_38,9.076515912260485
89924_38,23.104491087237413
